,Country_Name,Date_Joined
1,Afghanistan                                                 ,2017-02-15
2,Albania                                                     ,2016-09-21
3,Algeria                                                     ,2016-10-20
4,Andorra                                                     ,2017-03-24
5,Angola                                                      ,2020-11-16
6,Antigua and Barbuda                                         ,2016-09-21
7,Argentina                                                   ,2016-09-21
8,Armenia                                                     ,2017-03-23
9,Australia                                                   ,2016-11-09
10,Austria                                                     ,2016-10-05
11,Azerbaijan                                                  ,2017-01-09
12,Bahamas                                                     ,2016-08-22
13,Bahrain                                                     ,2016-12-23
14,Bangladesh                                                  ,2016-09-21
15,Barbados                                                    ,2016-04-22
16,Belgium                                                     ,2017-04-06
17,Belize                                                      ,2016-04-22
18,Benin                                                       ,2016-10-31
19,Bhutan                                                      ,2017-09-19
20,Bolivia                                                     ,2016-10-05
21,Bosnia and Herzegovina                                      ,2017-03-16
22,Botswana                                                    ,2016-11-11
23,Brazil                                                      ,2016-09-21
24,Brunei Darussalam                                           ,2016-09-21
25,Bulgaria                                                    ,2016-11-29
26,Burkina Faso                                                ,2016-11-11
27,Burundi                                                     ,2018-01-17
28,Cabo Verde                                                  ,2017-09-21
29,Cambodia                                                    ,2017-02-06
30,Cameroon                                                    ,2016-07-29
31,Canada                                                      ,2016-10-05
32,Central African Republic                                    ,2016-10-11
33,Chad                                                        ,2017-01-12
34,Chile                                                       ,2017-02-10
35,China                                                       ,2016-09-03
36,Colombia                                                    ,2018-07-12
37,Comoros                                                     ,2016-11-23
38,Congo                                                       ,2017-04-21
39,Cook Islands                                                ,2016-09-01
40,Costa Rica                                                  ,2016-10-13
41,C��te d'Ivoire                                          ,2016-10-25
42,Croatia                                                     ,2017-05-24
43,Cuba                                                        ,2016-12-28
44,Cyprus                                                      ,2017-01-04
45,Czech Republic                                              ,2017-10-05
46,Democratic People's Republic of Korea                       ,2016-08-01
47,Democratic Republic of the Congo                            ,2017-12-13
48,Djibouti                                                    ,2016-11-11
49,Dominica                                                    ,2016-09-21
50,Dominican Republic                                          ,2017-09-21
51,Ecuador                                                     ,2017-09-20
52,Egypt                                                       ,2017-06-29
53,El Salvador                                                 ,2017-03-27
54,Equatorial Guinea                                           ,2018-10-30
55,Eritrea                                                     ,2023-02-07
56,Estonia                                                     ,2016-11-04
57,Eswatini                                                    ,2016-09-21
58,Ethiopia                                                    ,2017-03-09
59,Fiji                                                        ,2016-04-22
60,Finland                                                     ,2016-11-14
61,France                                                      ,2016-10-05
62,Gabon                                                       ,2016-11-02
63,Gambia                                                      ,2016-11-07
64,Germany                                                     ,2016-10-05
65,Ghana                                                       ,2016-09-21
66,Greece                                                      ,2016-10-14
67,Grenada                                                     ,2016-04-22
68,Guatemala                                                   ,2017-01-25
69,Guinea                                                      ,2016-09-21
70,Guinea Bissau                                               ,2018-10-22
71,Guyana                                                      ,2016-05-20
72,Haiti                                                       ,2017-07-31
73,Honduras                                                    ,2016-09-21
74,Hungary                                                     ,2016-10-05
75,India                                                       ,2016-10-02
76,Indonesia                                                   ,2016-10-31
77,Iraq                                                        ,2021-11-01
78,Ireland                                                     ,2016-11-04
79,Israel                                                      ,2016-11-22
80,Italy                                                       ,2016-11-11
81,Jamaica                                                     ,2017-04-10
82,Jordan                                                      ,2016-11-04
83,Kazakhstan                                                  ,2016-12-06
84,Kenya                                                       ,2016-12-28
85,Kiribati                                                    ,2016-09-21
86,Kuwait                                                      ,2018-04-23
87,Kyrgyzstan                                                  ,2020-02-18
88,Lao People's Democratic Republic                            ,2016-09-07
89,Latvia                                                      ,2017-03-16
90,Lebanon                                                     ,2020-02-05
91,Lesotho                                                     ,2017-01-20
92,Liberia                                                     ,2018-08-27
93,Liechtenstein                                               ,2017-09-20
94,Lithuania                                                   ,2017-02-02
95,Luxembourg                                                  ,2016-11-04
96,Madagascar                                                  ,2016-09-21
97,Malawi                                                      ,2017-06-29
98,Malaysia                                                    ,2016-11-16
99,Maldives                                                    ,2016-04-22
100,Mali                                                        ,2016-09-23
101,Malta                                                       ,2016-10-05
102,Marshall Islands                                            ,2016-04-22
103,Mauritania                                                  ,2017-02-27
104,Mauritius                                                   ,2016-04-22
105,Mexico                                                      ,2016-09-21
106,Micronesia                                                  ,2016-09-15
107,Monaco                                                      ,2016-10-24
108,Mongolia                                                    ,2016-09-21
109,Montenegro                                                  ,2017-12-20
110,Morocco                                                     ,2016-09-21
111,Mozambique                                                  ,2018-06-04
112,Myanmar                                                     ,2017-09-19
113,Namibia                                                     ,2016-09-21
114,Nauru                                                       ,2016-04-22
115,Nepal                                                       ,2016-10-05
116,New Zealand                                                 ,2016-10-04
117,Niger                                                       ,2016-09-21
118,Nigeria                                                     ,2017-05-16
119,Niue                                                        ,2016-10-28
120,North Macedonia                                             ,2018-01-09
121,Norway                                                      ,2016-06-20
122,Oman                                                        ,2019-05-22
123,Pakistan                                                    ,2016-11-10
124,Palau                                                       ,2016-04-22
125,Panama                                                      ,2016-09-21
126,Papua New Guinea                                            ,2016-09-21
127,Paraguay                                                    ,2016-10-14
128,Peru                                                        ,2016-07-25
129,Philippines                                                 ,2017-03-23
130,Poland                                                      ,2016-10-07
131,Portugal                                                    ,2016-10-05
132,Qatar                                                       ,2017-06-23
133,Republic of Korea                                           ,2016-11-03
134,Moldova                                                     ,2017-06-20
135,Romania                                                     ,2017-06-01
136,Rwanda                                                      ,2016-10-06
137,Samoa                                                       ,2016-04-22
138,San Marino                                                  ,2018-09-26
139,Sao Tome and Principe                                       ,2016-11-02
140,Saudi Arabia                                                ,2016-11-03
141,Senegal                                                     ,2016-09-21
142,Serbia                                                      ,2017-07-25
143,Seychelles                                                  ,2016-04-29
144,Sierra Leone                                                ,2016-11-01
145,Singapore                                                   ,2016-09-21
146,Slovakia                                                    ,2016-10-05
147,Slovenia                                                    ,2016-12-16
148,Solomon Islands                                             ,2016-09-21
149,Somalia                                                     ,2016-04-22
150,South Africa                                                ,2016-11-01
151,South Sudan                                                 ,2021-02-23
152,Spain                                                       ,2017-01-12
153,Sri Lanka                                                   ,2016-09-21
154,St.Kitts and Nevis                                          ,2016-04-22
155,St.Lucia                                                    ,2016-04-22
156,St.Vincent and the Grenadines                               ,2016-06-29
157,State of Palestine                                          ,2016-04-22
158,Sudan                                                       ,2017-08-02
159,Suriname                                                    ,2019-02-13
160,Sweden                                                      ,2016-10-13
161,Switzerland                                                 ,2017-10-06
162,Tajikistan                                                  ,2017-03-22
163,Thailand                                                    ,2016-09-21
164,Timor Leste                                                 ,2017-08-16
165,Togo                                                        ,2017-06-28
166,Tonga                                                       ,2016-09-21
167,Trinidad and Tobago                                         ,2018-02-22
168,Tunisia                                                     ,2017-02-10
169,Turkey                                                      ,2021-10-11
170,Turkmenistan                                                ,2016-10-20
171,Tuvalu                                                      ,2016-04-22
172,Uganda                                                      ,2016-09-21
173,Ukraine                                                     ,2016-09-19
174,United Kingdom                                              ,2016-11-18
175,Tanzania                                                    ,2018-05-18
176,Uruguay                                                     ,2016-10-19
177,Uzbekistan                                                  ,2018-11-09
178,Vanuatu                                                     ,2016-09-21
179,Venezuela                                                   ,2017-07-21
180,Zambia                                                      ,2016-12-09
181,Zimbabwe                                                    ,2017-08-07
